{
  "crtt": "𝐉𝐎𝐆𝐎 𝐃𝐀 𝐕𝐄𝐋𝐇𝐀",
  "forwarding": false,
  "banChats": false,
  "menu_audio": true,
  "verificado": true,
  "consoleoff": true,
  "antipv": false,
  "anticall": true,
  "visualizarmsg": true,
  "listanegraG": [],
  "botoes_": false,
  "TOKEN_GPT": "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",
  "cmd_premium": [],
  "dono1": "556198828426",
  "dono2": ".",
  "dono3": ".",
  "dono4": ".",
  "dono5": ".",
  "dono6": ".",
  "botoff": false,
  "Odelete": false
}
