[{"groupId":"120363132562172546@g.us","comandos":[]},{"groupId":"557991370553-1633730858@g.us","comandos":[]},{"groupId":"120363055373936431@g.us","comandos":[]},{"groupId":"120363052183964470@g.us","comandos":[]},{"groupId":"120363043837942965@g.us","comandos":[]},{"groupId":"120363140227688385@g.us","comandos":[]},{"groupId":"120363161410094714@g.us","comandos":[]},{"groupId":"120363089111958709@g.us","comandos":[]},{"groupId":"994409567740-1621113533@g.us","comandos":[]},{"groupId":"120363156824186773@g.us","comandos":[]},{"groupId":"120363159309999963@g.us","comandos":[]},{"groupId":"120363046994840467@g.us","comandos":[]},{"groupId":"120363062382644352@g.us","comandos":[]},{"groupId":"120363155947776006@g.us","comandos":[]},{"groupId":"120363140683469943@g.us","comandos":[]},{"groupId":"120363050232048442@g.us","comandos":[]},{"groupId":"120363108656690946@g.us","comandos":[]},{"groupId":"120363140000206401@g.us","comandos":[]},{"groupId":"120363160997386346@g.us","comandos":[]},{"groupId":"5512996828125-1604274406@g.us","comandos":[]},{"groupId":"120363046548548503@g.us","comandos":[]},{"groupId":"120363158360461959@g.us","comandos":[]},{"groupId":"120363028858456410@g.us","comandos":[]},{"groupId":"120363029178735179@g.us","comandos":[]},{"groupId":"120363094244463491@g.us","comandos":[]},{"groupId":"120363140957864661@g.us","comandos":[]},{"groupId":"120363142434283856@g.us","comandos":[]},{"groupId":"120363024922797828@g.us","comandos":[]},{"groupId":"120363161726758322@g.us","comandos":[]},{"groupId":"120363162706624743@g.us","comandos":[]},{"groupId":"120363162812679805@g.us","comandos":[]},{"groupId":"120363143424130385@g.us","comandos":[]},{"groupId":"120363161000910181@g.us","comandos":[]},{"groupId":"120363146754006621@g.us","comandos":[]},{"groupId":"120363162257866981@g.us","comandos":[]},{"groupId":"120363163720080357@g.us","comandos":[]},{"groupId":"120363146795578372@g.us","comandos":[]},{"groupId":"120363144645348321@g.us","comandos":[]},{"groupId":"120363147309076759@g.us","comandos":[]},{"groupId":"120363163393048677@g.us","comandos":[]},{"groupId":"120363161562583443@g.us","comandos":[]},{"groupId":"120363165586899291@g.us","comandos":[]},{"groupId":"120363147660151839@g.us","comandos":[]},{"groupId":"120363146956993181@g.us","comandos":[]},{"groupId":"120363165967013187@g.us","comandos":[]},{"groupId":"120363146326529184@g.us","comandos":[]}]